{
  "Delete hero" : {
    "transaction" : "Delete hero",
    "sampleCount" : 100,
    "errorCount" : 0,
    "errorPct" : 0.0,
    "meanResTime" : 0.43999999999999995,
    "medianResTime" : 0.0,
    "minResTime" : 0.0,
    "maxResTime" : 1.0,
    "pct1ResTime" : 1.0,
    "pct2ResTime" : 1.0,
    "pct3ResTime" : 1.0,
    "throughput" : 101.5228426395939,
    "receivedKBytesPerSec" : 24.68670685279188,
    "sentKBytesPerSec" : 17.944955583756347
  },
  "Total" : {
    "transaction" : "Total",
    "sampleCount" : 500,
    "errorCount" : 0,
    "errorPct" : 0.0,
    "meanResTime" : 0.4860000000000001,
    "medianResTime" : 0.0,
    "minResTime" : 0.0,
    "maxResTime" : 3.0,
    "pct1ResTime" : 1.0,
    "pct2ResTime" : 1.0,
    "pct3ResTime" : 1.0,
    "throughput" : 504.54086781029264,
    "receivedKBytesPerSec" : 135.4771064581231,
    "sentKBytesPerSec" : 91.58599268415742
  },
  "Get hero by ID" : {
    "transaction" : "Get hero by ID",
    "sampleCount" : 100,
    "errorCount" : 0,
    "errorPct" : 0.0,
    "meanResTime" : 0.33999999999999997,
    "medianResTime" : 0.0,
    "minResTime" : 0.0,
    "maxResTime" : 1.0,
    "pct1ResTime" : 1.0,
    "pct2ResTime" : 1.0,
    "pct3ResTime" : 1.0,
    "throughput" : 101.41987829614604,
    "receivedKBytesPerSec" : 25.45401242393509,
    "sentKBytesPerSec" : 15.74781313387424
  },
  "Get all heroes" : {
    "transaction" : "Get all heroes",
    "sampleCount" : 100,
    "errorCount" : 0,
    "errorPct" : 0.0,
    "meanResTime" : 0.8200000000000002,
    "medianResTime" : 1.0,
    "minResTime" : 0.0,
    "maxResTime" : 3.0,
    "pct1ResTime" : 1.0,
    "pct2ResTime" : 1.0,
    "pct3ResTime" : 2.989999999999995,
    "throughput" : 101.01010101010101,
    "receivedKBytesPerSec" : 33.97253787878788,
    "sentKBytesPerSec" : 15.585542929292929
  },
  "Create hero" : {
    "transaction" : "Create hero",
    "sampleCount" : 100,
    "errorCount" : 0,
    "errorPct" : 0.0,
    "meanResTime" : 0.46999999999999986,
    "medianResTime" : 0.0,
    "minResTime" : 0.0,
    "maxResTime" : 1.0,
    "pct1ResTime" : 1.0,
    "pct2ResTime" : 1.0,
    "pct3ResTime" : 1.0,
    "throughput" : 101.41987829614604,
    "receivedKBytesPerSec" : 25.972006528904664,
    "sentKBytesPerSec" : 21.3169925836714
  },
  "Update hero" : {
    "transaction" : "Update hero",
    "sampleCount" : 100,
    "errorCount" : 0,
    "errorPct" : 0.0,
    "meanResTime" : 0.36000000000000004,
    "medianResTime" : 0.0,
    "minResTime" : 0.0,
    "maxResTime" : 1.0,
    "pct1ResTime" : 1.0,
    "pct2ResTime" : 1.0,
    "pct3ResTime" : 1.0,
    "throughput" : 101.5228426395939,
    "receivedKBytesPerSec" : 25.992425444162436,
    "sentKBytesPerSec" : 21.431828997461928
  }
}