{
  "Delete hero" : {
    "transaction" : "Delete hero",
    "sampleCount" : 20000,
    "errorCount" : 0,
    "errorPct" : 0.0,
    "meanResTime" : 3.6827000000000205,
    "medianResTime" : 2.0,
    "minResTime" : 0.0,
    "maxResTime" : 78.0,
    "pct1ResTime" : 6.0,
    "pct2ResTime" : 17.0,
    "pct3ResTime" : 38.0,
    "throughput" : 2119.0930281839373,
    "receivedKBytesPerSec" : 515.2872695486332,
    "sentKBytesPerSec" : 374.56624814579357
  },
  "Total" : {
    "transaction" : "Total",
    "sampleCount" : 100000,
    "errorCount" : 0,
    "errorPct" : 0.0,
    "meanResTime" : 212.5869899999996,
    "medianResTime" : 2.0,
    "minResTime" : 0.0,
    "maxResTime" : 8792.0,
    "pct1ResTime" : 15.0,
    "pct2ResTime" : 20.0,
    "pct3ResTime" : 7946.0,
    "throughput" : 10590.976488032196,
    "receivedKBytesPerSec" : 3486.409419018746,
    "sentKBytesPerSec" : 1922.8507350799619
  },
  "Get hero by ID" : {
    "transaction" : "Get hero by ID",
    "sampleCount" : 20000,
    "errorCount" : 0,
    "errorPct" : 0.0,
    "meanResTime" : 4.241700000000006,
    "medianResTime" : 2.0,
    "minResTime" : 0.0,
    "maxResTime" : 79.0,
    "pct1ResTime" : 6.0,
    "pct2ResTime" : 15.0,
    "pct3ResTime" : 51.0,
    "throughput" : 2118.868524208073,
    "receivedKBytesPerSec" : 531.7863385951902,
    "sentKBytesPerSec" : 329.00399936433945
  },
  "Get all heroes" : {
    "transaction" : "Get all heroes",
    "sampleCount" : 20000,
    "errorCount" : 0,
    "errorPct" : 0.0,
    "meanResTime" : 1047.5784999999987,
    "medianResTime" : 2.0,
    "minResTime" : 0.0,
    "maxResTime" : 8792.0,
    "pct1ResTime" : 5122.9000000000015,
    "pct2ResTime" : 6711.9000000000015,
    "pct3ResTime" : 7946.0,
    "throughput" : 2118.4196589344347,
    "receivedKBytesPerSec" : 1354.7786085954876,
    "sentKBytesPerSec" : 326.8655333121491
  },
  "Create hero" : {
    "transaction" : "Create hero",
    "sampleCount" : 20000,
    "errorCount" : 0,
    "errorPct" : 0.0,
    "meanResTime" : 3.5140000000000047,
    "medianResTime" : 2.0,
    "minResTime" : 0.0,
    "maxResTime" : 80.0,
    "pct1ResTime" : 6.0,
    "pct2ResTime" : 15.0,
    "pct3ResTime" : 33.0,
    "throughput" : 2118.868524208073,
    "receivedKBytesPerSec" : 542.7189966495391,
    "sentKBytesPerSec" : 445.46624212045765
  },
  "Update hero" : {
    "transaction" : "Update hero",
    "sampleCount" : 20000,
    "errorCount" : 0,
    "errorPct" : 0.0,
    "meanResTime" : 3.918050000000028,
    "medianResTime" : 2.0,
    "minResTime" : 0.0,
    "maxResTime" : 78.0,
    "pct1ResTime" : 6.0,
    "pct2ResTime" : 19.0,
    "pct3ResTime" : 42.0,
    "throughput" : 2118.868524208073,
    "receivedKBytesPerSec" : 542.7138236306812,
    "sentKBytesPerSec" : 447.5302766447717
  }
}