{
  "Delete hero" : {
    "transaction" : "Delete hero",
    "sampleCount" : 117240,
    "errorCount" : 0,
    "errorPct" : 0.0,
    "meanResTime" : 74.63428863868853,
    "medianResTime" : 108.0,
    "minResTime" : 0.0,
    "maxResTime" : 171.0,
    "pct1ResTime" : 117.0,
    "pct2ResTime" : 120.0,
    "pct3ResTime" : 126.0,
    "throughput" : 1939.518263631551,
    "receivedKBytesPerSec" : 471.62114027759395,
    "sentKBytesPerSec" : 342.8250055833113
  },
  "Total" : {
    "transaction" : "Total",
    "sampleCount" : 592846,
    "errorCount" : 5378,
    "errorPct" : 0.90714955,
    "meanResTime" : 549.3001572077742,
    "medianResTime" : 114.0,
    "minResTime" : 0.0,
    "maxResTime" : 74278.0,
    "pct1ResTime" : 68556.9,
    "pct2ResTime" : 69333.95,
    "pct3ResTime" : 69930.99,
    "throughput" : 6490.682957805076,
    "receivedKBytesPerSec" : 24618.815563911656,
    "sentKBytesPerSec" : 1175.9412305632652
  },
  "Get hero by ID" : {
    "transaction" : "Get hero by ID",
    "sampleCount" : 118369,
    "errorCount" : 455,
    "errorPct" : 0.3843912,
    "meanResTime" : 242.46671003387632,
    "medianResTime" : 109.0,
    "minResTime" : 0.0,
    "maxResTime" : 69637.0,
    "pct1ResTime" : 117.0,
    "pct2ResTime" : 123.0,
    "pct3ResTime" : 42099.27000000028,
    "throughput" : 1295.958921357172,
    "receivedKBytesPerSec" : 325.9717447474736,
    "sentKBytesPerSec" : 201.16509636018262
  },
  "Get all heroes" : {
    "transaction" : "Get all heroes",
    "sampleCount" : 122031,
    "errorCount" : 4886,
    "errorPct" : 4.0039005,
    "meanResTime" : 2215.048233645539,
    "medianResTime" : 111.0,
    "minResTime" : 0.0,
    "maxResTime" : 74278.0,
    "pct1ResTime" : 68496.0,
    "pct2ResTime" : 69332.95,
    "pct3ResTime" : 69930.99,
    "throughput" : 1584.7152782286864,
    "receivedKBytesPerSec" : 27661.94087183868,
    "sentKBytesPerSec" : 243.4686668073502
  },
  "Create hero" : {
    "transaction" : "Create hero",
    "sampleCount" : 117735,
    "errorCount" : 37,
    "errorPct" : 0.031426508,
    "meanResTime" : 77.53194886822148,
    "medianResTime" : 108.0,
    "minResTime" : 0.0,
    "maxResTime" : 28697.0,
    "pct1ResTime" : 117.0,
    "pct2ResTime" : 120.0,
    "pct3ResTime" : 128.0,
    "throughput" : 1783.5663753010863,
    "receivedKBytesPerSec" : 456.8274635335399,
    "sentKBytesPerSec" : 374.9645537296814
  },
  "Update hero" : {
    "transaction" : "Update hero",
    "sampleCount" : 117471,
    "errorCount" : 0,
    "errorPct" : 0.0,
    "meanResTime" : 74.6308450596321,
    "medianResTime" : 108.0,
    "minResTime" : 0.0,
    "maxResTime" : 171.0,
    "pct1ResTime" : 117.0,
    "pct2ResTime" : 120.0,
    "pct3ResTime" : 126.0,
    "throughput" : 1943.371879497742,
    "receivedKBytesPerSec" : 497.7607740303489,
    "sentKBytesPerSec" : 410.4608653810363
  }
}