{
  "Delete hero" : {
    "transaction" : "Delete hero",
    "sampleCount" : 2000,
    "errorCount" : 0,
    "errorPct" : 0.0,
    "meanResTime" : 3.3735000000000044,
    "medianResTime" : 1.0,
    "minResTime" : 0.0,
    "maxResTime" : 55.0,
    "pct1ResTime" : 12.0,
    "pct2ResTime" : 14.0,
    "pct3ResTime" : 22.0,
    "throughput" : 1388.888888888889,
    "receivedKBytesPerSec" : 337.72786458333337,
    "sentKBytesPerSec" : 245.49696180555557
  },
  "Total" : {
    "transaction" : "Total",
    "sampleCount" : 10000,
    "errorCount" : 0,
    "errorPct" : 0.0,
    "meanResTime" : 35.17989999999998,
    "medianResTime" : 1.0,
    "minResTime" : 0.0,
    "maxResTime" : 461.0,
    "pct1ResTime" : 53.0,
    "pct2ResTime" : 311.0,
    "pct3ResTime" : 432.0,
    "throughput" : 6920.415224913495,
    "receivedKBytesPerSec" : 2063.7455395761244,
    "sentKBytesPerSec" : 1256.3919225778545
  },
  "Get hero by ID" : {
    "transaction" : "Get hero by ID",
    "sampleCount" : 2000,
    "errorCount" : 0,
    "errorPct" : 0.0,
    "meanResTime" : 5.627999999999993,
    "medianResTime" : 2.0,
    "minResTime" : 0.0,
    "maxResTime" : 56.0,
    "pct1ResTime" : 14.0,
    "pct2ResTime" : 25.0,
    "pct3ResTime" : 51.99000000000001,
    "throughput" : 1386.001386001386,
    "receivedKBytesPerSec" : 347.85386347886345,
    "sentKBytesPerSec" : 215.20919958419958
  },
  "Get all heroes" : {
    "transaction" : "Get all heroes",
    "sampleCount" : 2000,
    "errorCount" : 0,
    "errorPct" : 0.0,
    "meanResTime" : 158.66249999999985,
    "medianResTime" : 20.0,
    "minResTime" : 0.0,
    "maxResTime" : 461.0,
    "pct1ResTime" : 426.0,
    "pct2ResTime" : 432.0,
    "pct3ResTime" : 437.99,
    "throughput" : 1385.0415512465374,
    "receivedKBytesPerSec" : 671.302182522507,
    "sentKBytesPerSec" : 213.7075831024931
  },
  "Create hero" : {
    "transaction" : "Create hero",
    "sampleCount" : 2000,
    "errorCount" : 0,
    "errorPct" : 0.0,
    "meanResTime" : 4.183499999999984,
    "medianResTime" : 1.0,
    "minResTime" : 0.0,
    "maxResTime" : 59.0,
    "pct1ResTime" : 15.0,
    "pct2ResTime" : 19.0,
    "pct3ResTime" : 26.0,
    "throughput" : 1386.001386001386,
    "receivedKBytesPerSec" : 354.9781000952876,
    "sentKBytesPerSec" : 291.3628021049896
  },
  "Update hero" : {
    "transaction" : "Update hero",
    "sampleCount" : 2000,
    "errorCount" : 0,
    "errorPct" : 0.0,
    "meanResTime" : 4.052000000000005,
    "medianResTime" : 1.0,
    "minResTime" : 0.0,
    "maxResTime" : 56.0,
    "pct1ResTime" : 15.0,
    "pct2ResTime" : 19.0,
    "pct3ResTime" : 26.0,
    "throughput" : 1387.9250520471894,
    "receivedKBytesPerSec" : 355.47349388445525,
    "sentKBytesPerSec" : 293.1252981870229
  }
}