{
  "Delete hero" : {
    "transaction" : "Delete hero",
    "sampleCount" : 68884,
    "errorCount" : 4,
    "errorPct" : 0.005806864,
    "meanResTime" : 48.67112827361937,
    "medianResTime" : 70.0,
    "minResTime" : 0.0,
    "maxResTime" : 101.0,
    "pct1ResTime" : 77.0,
    "pct2ResTime" : 79.0,
    "pct3ResTime" : 93.0,
    "throughput" : 2287.8969044772152,
    "receivedKBytesPerSec" : 556.3343058738541,
    "sentKBytesPerSec" : 404.40365206091406
  },
  "Total" : {
    "transaction" : "Total",
    "sampleCount" : 346260,
    "errorCount" : 977,
    "errorPct" : 0.28215793,
    "meanResTime" : 83.96746086755584,
    "medianResTime" : 76.0,
    "minResTime" : 0.0,
    "maxResTime" : 28718.0,
    "pct1ResTime" : 88.0,
    "pct2ResTime" : 94.0,
    "pct3ResTime" : 101.0,
    "throughput" : 11472.020673889276,
    "receivedKBytesPerSec" : 17166.44862821166,
    "sentKBytesPerSec" : 2082.081140977537
  },
  "Get hero by ID" : {
    "transaction" : "Get hero by ID",
    "sampleCount" : 69384,
    "errorCount" : 15,
    "errorPct" : 0.021618817,
    "meanResTime" : 48.67217225873425,
    "medianResTime" : 70.0,
    "minResTime" : 0.0,
    "maxResTime" : 147.0,
    "pct1ResTime" : 77.0,
    "pct2ResTime" : 79.0,
    "pct3ResTime" : 94.0,
    "throughput" : 2304.1976620616365,
    "receivedKBytesPerSec" : 578.2996085447662,
    "sentKBytesPerSec" : 357.7806916677737
  },
  "Get all heroes" : {
    "transaction" : "Get all heroes",
    "sampleCount" : 69722,
    "errorCount" : 952,
    "errorPct" : 1.3654227,
    "meanResTime" : 223.98621668913577,
    "medianResTime" : 70.0,
    "minResTime" : 0.0,
    "maxResTime" : 28718.0,
    "pct1ResTime" : 77.0,
    "pct2ResTime" : 82.0,
    "pct3ResTime" : 26130.87000000002,
    "throughput" : 2309.975814200046,
    "receivedKBytesPerSec" : 14861.207280122502,
    "sentKBytesPerSec" : 356.42204945664776
  },
  "Create hero" : {
    "transaction" : "Create hero",
    "sampleCount" : 69212,
    "errorCount" : 3,
    "errorPct" : 0.0043345084,
    "meanResTime" : 48.637533953649346,
    "medianResTime" : 70.0,
    "minResTime" : 0.0,
    "maxResTime" : 101.0,
    "pct1ResTime" : 77.0,
    "pct2ResTime" : 79.0,
    "pct3ResTime" : 93.0,
    "throughput" : 2298.7146700322164,
    "receivedKBytesPerSec" : 588.7701118228769,
    "sentKBytesPerSec" : 483.26270021007
  },
  "Update hero" : {
    "transaction" : "Update hero",
    "sampleCount" : 69058,
    "errorCount" : 3,
    "errorPct" : 0.0043441746,
    "meanResTime" : 48.68042804599017,
    "medianResTime" : 70.0,
    "minResTime" : 0.0,
    "maxResTime" : 101.0,
    "pct1ResTime" : 77.0,
    "pct2ResTime" : 79.0,
    "pct3ResTime" : 94.0,
    "throughput" : 2293.676099375581,
    "receivedKBytesPerSec" : 587.4833671698552,
    "sentKBytesPerSec" : 484.44713614321773
  }
}