{
  "Delete hero" : {
    "transaction" : "Delete hero",
    "sampleCount" : 169614,
    "errorCount" : 489,
    "errorPct" : 0.28830168,
    "meanResTime" : 243.22010565165516,
    "medianResTime" : 104.0,
    "minResTime" : 0.0,
    "maxResTime" : 145992.0,
    "pct1ResTime" : 148.0,
    "pct2ResTime" : 177.0,
    "pct3ResTime" : 34563.96000000001,
    "throughput" : 691.9207783466253,
    "receivedKBytesPerSec" : 169.50774971571786,
    "sentKBytesPerSec" : 122.18847522793563
  },
  "Total" : {
    "transaction" : "Total",
    "sampleCount" : 868970,
    "errorCount" : 22151,
    "errorPct" : 2.54911,
    "meanResTime" : 2273.7712303071944,
    "medianResTime" : 171.0,
    "minResTime" : 0.0,
    "maxResTime" : 230840.0,
    "pct1ResTime" : 69925.0,
    "pct2ResTime" : 70068.0,
    "pct3ResTime" : 145931.95,
    "throughput" : 3150.0284563602686,
    "receivedKBytesPerSec" : 51558.49542503403,
    "sentKBytesPerSec" : 563.8394674707099
  },
  "Get hero by ID" : {
    "transaction" : "Get hero by ID",
    "sampleCount" : 178764,
    "errorCount" : 9344,
    "errorPct" : 5.227003,
    "meanResTime" : 3635.0054820881137,
    "medianResTime" : 121.0,
    "minResTime" : 0.0,
    "maxResTime" : 211964.0,
    "pct1ResTime" : 69879.0,
    "pct2ResTime" : 70041.0,
    "pct3ResTime" : 135124.0,
    "throughput" : 648.0267092971409,
    "receivedKBytesPerSec" : 174.22561916821638,
    "sentKBytesPerSec" : 99.72355315011474
  },
  "Get all heroes" : {
    "transaction" : "Get all heroes",
    "sampleCount" : 179254,
    "errorCount" : 10173,
    "errorPct" : 5.675187,
    "meanResTime" : 6504.481936246881,
    "medianResTime" : 105.0,
    "minResTime" : 1.0,
    "maxResTime" : 230840.0,
    "pct1ResTime" : 152.0,
    "pct2ResTime" : 184.0,
    "pct3ResTime" : 133424.96000000002,
    "throughput" : 731.2341161545082,
    "receivedKBytesPerSec" : 57293.525513203735,
    "sentKBytesPerSec" : 107.1648221774177
  },
  "Create hero" : {
    "transaction" : "Create hero",
    "sampleCount" : 171260,
    "errorCount" : 1492,
    "errorPct" : 0.87119,
    "meanResTime" : 422.1974600023348,
    "medianResTime" : 105.0,
    "minResTime" : 0.0,
    "maxResTime" : 147206.0,
    "pct1ResTime" : 174.0,
    "pct2ResTime" : 11276.0,
    "pct3ResTime" : 67735.78000000579,
    "throughput" : 742.0212996421175,
    "receivedKBytesPerSec" : 192.94411951315413,
    "sentKBytesPerSec" : 155.67313497472944
  },
  "Update hero" : {
    "transaction" : "Update hero",
    "sampleCount" : 170078,
    "errorCount" : 653,
    "errorPct" : 0.38394147,
    "meanResTime" : 273.50620891590887,
    "medianResTime" : 104.0,
    "minResTime" : 1.0,
    "maxResTime" : 145990.0,
    "pct1ResTime" : 151.0,
    "pct2ResTime" : 185.0,
    "pct3ResTime" : 35593.0,
    "throughput" : 730.4281352132517,
    "receivedKBytesPerSec" : 188.7706506311011,
    "sentKBytesPerSec" : 154.08856274855376
  }
}